<?xml version="1.0" encoding="UTF-8"?>
<project-private xmlns="http://www.netbeans.org/ns/project-private/1">
    <editor-bookmarks xmlns="http://www.netbeans.org/ns/editor-bookmarks/2" lastBookmarkId="0"/>
    <open-files xmlns="http://www.netbeans.org/ns/projectui-open-files/2">
        <group>
            <file>file:/C:/Users/ASUS/Documents/NetBeansProjects/pfr/src/pfr/Pfr.java</file>
            <file>file:/C:/Users/ASUS/Documents/NetBeansProjects/pfr/src/Controller/Controller.java</file>
            <file>file:/C:/Users/ASUS/Documents/NetBeansProjects/pfr/src/Frame/MainFrame.java</file>
            <file>file:/C:/Users/ASUS/Documents/NetBeansProjects/pfr/src/Validation/TransactionValidation.java</file>
            <file>file:/C:/Users/ASUS/Documents/NetBeansProjects/pfr/src/Validation/Validation.java</file>
        </group>
    </open-files>
</project-private>
